{
	"description": "项目配置文件",
	"packOptions": {
		"ignore": []
	},
	"setting": {
		"urlCheck": false,
		"es6": true,
		"enhance": true,
		"postcss": true,
		"minified": true,
		"newFeature": true,
		"coverView": true,
		"autoAudits": false,
		"showShadowRootInWxmlPanel": true,
		"scopeDataCheck": false,
		"checkInvalidKey": true,
		"checkSiteMap": true,
		"uploadWithSourceMap": true,
		"babelSetting": {
			"ignore": [],
			"disablePlugins": [],
			"outputPath": ""
		},
		"bundle": false
	},
	"compileType": "miniprogram",
	"libVersion": "2.12.1",
	"appid": "wx4aab0d03b88941a3",
	"projectname": "YiShop",
	"debugOptions": {
		"hidedInDevtools": []
	},
	"isGameTourist": false,
	"simulatorType": "wechat",
	"simulatorPluginLibVersion": {},
	"condition": {
		"search": {
			"current": -1,
			"list": []
		},
		"conversation": {
			"current": -1,
			"list": []
		},
		"plugin": {
			"current": -1,
			"list": []
		},
		"game": {
			"currentL": -1,
			"list": []
		},
		"gamePlugin": {
			"current": -1,
			"list": []
		},
		"miniprogram": {
			"current": -1,
			"list": [
				{
					"id": -1,
					"name": "分类页面",
					"pathName": "pages/sort/index",
					"query": "",
					"scene": null
				},
				{
					"id": 1,
					"name": "商品列表",
					"pathName": "pages/goods_list/index",
					"query": "cid=5",
					"scene": null
				},
				{
					"id": 2,
					"name": "商品详情",
					"pathName": "pages/goods_detail/index",
					"query": "goods_id= 43974",
					"scene": null
				},
				{
					"id": -1,
					"name": "购物车",
					"pathName": "pages/cart/index",
					"query": "",
					"scene": null
				},
				{
					"id": -1,
					"name": "支付页面",
					"pathName": "pages/pay/index",
					"query": "",
					"scene": null
				},
				{
					"id": 5,
					"name": "个人中心",
					"pathName": "pages/user/index",
					"query": "",
					"scene": null
				},
				{
					"id": 6,
					"name": "登录页面",
					"pathName": "pages/login/index",
					"query": "",
					"scene": null
				}
			]
		}
	}
}